Record Length,2500,0,-4,;;
Sample Interval,0.00002,1.99999999999992E-05,-4,;;
Trigger Point,1045,3.99999999999984E-05,-0.5,;;
,,5.99999999999976E-05,-4,;;
,,7.99999999999967E-05,-0.5,;;
,,9.99999999999994E-05,-0.5,;;
Source,CH3,0.000119999999999999,-0.5,;;
Vertical Units,V,0.000139999999999998,0,;;
Vertical Scale,50,0.000159999999999997,0,;;
Vertical Offset,8,0.00018,-0.5,;;
Horizontal Units,s,0.000199999999999999,0,;;
Horizontal Scale,0.005,0.000219999999999998,0.5,;;
Pt Fmt,Y,0.000239999999999997,0.5,;;
Yzero,0,0.00026,0.5,;;
Probe Atten,100,0.000279999999999999,0.5,;;
Model Number,TDS2004B,0.000299999999999998,0.5,;;
Serial Number,C034927,0.000319999999999997,0.5,;;
Firmware Version,FV:v22.01,0.00034,0.5,;;
,,0.000359999999999999,0.5,;;
,,0.000379999999999998,4,;;
,,0.000399999999999998,0.5,;;
,,0.000419999999999997,4,;;
,,0.000439999999999999,4,;;
,,0.000459999999999999,4,;;
,,0.000479999999999998,6,;;
,,0.000499999999999997,4,;;
,,0.00052,6,;;
,,0.000539999999999999,6,;;
,,0.000559999999999998,6,;;
,,0.000579999999999997,6,;;
,,0.0006,8,;;
,,0.000619999999999999,6,;;
,,0.000639999999999998,8,;;
,,0.000659999999999997,6,;;
,,0.00068,8,;;
,,0.000699999999999999,8,;;
,,0.000719999999999998,8,;;
,,0.000739999999999998,8,;;
,,0.000759999999999997,8,;;
,,0.000779999999999999,8,;;
,,0.000799999999999999,10,;;
,,0.000819999999999998,10,;;
,,0.000839999999999997,10,;;
,,0.00086,10,;;
,,0.000879999999999999,12,;;
,,0.000899999999999998,10,;;
,,0.000919999999999997,10,;;
,,0.00094,10,;;
,,0.000959999999999999,12,;;
,,0.000979999999999998,12,;;
,,0.000999999999999997,12,;;
,,0.00102,12,;;
,,0.00104,14,;;
,,0.00106,14,;;
,,0.00108,12,;;
,,0.0011,14,;;
,,0.00112,14,;;
,,0.00114,14,;;
,,0.00116,16,;;
,,0.00118,14,;;
,,0.0012,14,;;
,,0.00122,14,;;
,,0.00124,16,;;
,,0.00126,16,;;
,,0.00128,16,;;
,,0.0013,16,;;
,,0.00132,18,;;
,,0.00134,18,;;
,,0.00136,20,;;
,,0.00138,18,;;
,,0.0014,20,;;
,,0.00142,20,;;
,,0.00144,20,;;
,,0.00146,18,;;
,,0.00148,18,;;
,,0.0015,20,;;
,,0.00152,20,;;
,,0.00154,20,;;
,,0.00156,20,;;
,,0.00158,18,;;
,,0.0016,20,;;
,,0.00162,20,;;
,,0.00164,20,;;
,,0.00166,20,;;
,,0.00168,20,;;
,,0.0017,20,;;
,,0.00172,20,;;
,,0.00174,22,;;
,,0.00176,22,;;
,,0.00178,22,;;
,,0.0018,22,;;
,,0.00182,22,;;
,,0.00184,22,;;
,,0.00186,22,;;
,,0.00188,22,;;
,,0.0019,22,;;
,,0.00192,24,;;
,,0.00194,24,;;
,,0.00196,26,;;
,,0.00198,26,;;
,,0.002,24,;;
,,0.00202,26,;;
,,0.00204,26,;;
,,0.00206,24,;;
,,0.00208,26,;;
,,0.0021,28,;;
,,0.00212,26,;;
,,0.00214,28,;;
,,0.00216,26,;;
,,0.00218,26,;;
,,0.0022,28,;;
,,0.00222,26,;;
,,0.00224,26,;;
,,0.00226,26,;;
,,0.00228,28,;;
,,0.0023,26,;;
,,0.00232,28,;;
,,0.00234,28,;;
,,0.00236,30,;;
,,0.00238,30,;;
,,0.0024,30,;;
,,0.00242,30,;;
,,0.00244,30,;;
,,0.00246,30,;;
,,0.00248,30,;;
,,0.0025,30,;;
,,0.00252,0,;;
,,0.00254,-0.5,;;
,,0.00256,0.5,;;
,,0.00258,0,;;
,,0.0026,-0.5,;;
,,0.00262,-0.5,;;
,,0.00264,-0.5,;;
,,0.00266,0,;;
,,0.00268,0,;;
,,0.0027,-0.5,;;
,,0.00272,-0.5,;;
,,0.00274,-0.5,;;
,,0.00276,0,;;
,,0.00278,0,;;
,,0.0028,0,;;
,,0.00282,0,;;
,,0.00284,0.5,;;
,,0.00286,0,;;
,,0.00288,0,;;
,,0.0029,0,;;
,,0.00292,0,;;
,,0.00294,0,;;
,,0.00296,0,;;
,,0.00298,0,;;
,,0.003,0,;;
,,0.00302,0,;;
,,0.00304,-0.5,;;
,,0.00306,0,;;
,,0.00308,0,;;
,,0.0031,0,;;
,,0.00312,0,;;
,,0.00314,0,;;
,,0.00316,0,;;
,,0.00318,0,;;
,,0.0032,0,;;
,,0.00322,0,;;
,,0.00324,0,;;
,,0.00326,-0.5,;;
,,0.00328,0,;;
,,0.0033,0,;;
,,0.00332,0.5,;;
,,0.00334,0,;;
,,0.00336,0,;;
,,0.00338,0,;;
,,0.0034,0,;;
,,0.00342,0,;;
,,0.00344,-0.5,;;
,,0.00346,0,;;
,,0.00348,0,;;
,,0.0035,0,;;
,,0.00352,0,;;
,,0.00354,0,;;
,,0.00356,0,;;
,,0.00358,-0.5,;;
,,0.0036,-0.5,;;
,,0.00362,0,;;
,,0.00364,0,;;
,,0.00366,0,;;
,,0.00368,0,;;
,,0.0037,0,;;
,,0.00372,-0.5,;;
,,0.00374,-0.5,;;
,,0.00376,0,;;
,,0.00378,-0.5,;;
,,0.0038,0,;;
,,0.00382,0,;;
,,0.00384,0,;;
,,0.00386,0,;;
,,0.00388,0,;;
,,0.0039,0,;;
,,0.00392,0,;;
,,0.00394,0,;;
,,0.00396,-0.5,;;
,,0.00398,0,;;
,,0.004,0,;;
,,0.00402,0,;;
,,0.00404,-0.5,;;
,,0.00406,0,;;
,,0.00408,-0.5,;;
,,0.0041,0,;;
,,0.00412,-0.5,;;
,,0.00414,0,;;
,,0.00416,-0.5,;;
,,0.00418,0,;;
,,0.0042,0,;;
,,0.00422,0,;;
,,0.00424,-0.5,;;
,,0.00426,0,;;
,,0.00428,0,;;
,,0.0043,0,;;
,,0.00432,0,;;
,,0.00434,-0.5,;;
,,0.00436,0,;;
,,0.00438,0,;;
,,0.0044,0,;;
,,0.00442,0,;;
,,0.00444,0,;;
,,0.00446,0,;;
,,0.00448,0,;;
,,0.0045,0.5,;;
,,0.00452,0,;;
,,0.00454,0,;;
,,0.00456,0,;;
,,0.00458,0,;;
,,0.0046,0,;;
,,0.00462,0,;;
,,0.00464,0,;;
,,0.00466,0,;;
,,0.00468,0,;;
,,0.0047,0,;;
,,0.00472,0,;;
,,0.00474,-0.5,;;
,,0.00476,-0.5,;;
,,0.00478,0,;;
,,0.0048,0,;;
,,0.00482,0,;;
,,0.00484,0,;;
,,0.00486,-0.5,;;
,,0.00488,0,;;
,,0.0049,-0.5,;;
,,0.00492,0,;;
,,0.00494,-0.5,;;
,,0.00496,-0.5,;;
,,0.00498,0,;;
,,0.005,0,;;
,,0.00502,0,;;
,,0.00504,0,;;
,,0.00506,0,;;
,,0.00508,0,;;
,,0.0051,0,;;
,,0.00512,0,;;
,,0.00514,0,;;
,,0.00516,0,;;
,,0.00518,0,;;
,,0.0052,0,;;
,,0.00522,0,;;
,,0.00524,0,;;
,,0.00526,0,;;
,,0.00528,0,;;
,,0.0053,0,;;
,,0.00532,0.5,;;
,,0.00534,0,;;
,,0.00536,0.5,;;
,,0.00538,0,;;
,,0.0054,0,;;
,,0.00542,0,;;
,,0.00544,0,;;
,,0.00546,-0.5,;;
,,0.00548,0,;;
,,0.0055,0.5,;;
,,0.00552,-0.5,;;
,,0.00554,-0.5,;;
,,0.00556,0,;;
,,0.00558,-0.5,;;
,,0.0056,0,;;
,,0.00562,0,;;
,,0.00564,0,;;
,,0.00566,0,;;
,,0.00568,0,;;
,,0.0057,-0.5,;;
,,0.00572,0,;;
,,0.00574,-0.5,;;
,,0.00576,0,;;
,,0.00578,0,;;
,,0.0058,0,;;
,,0.00582,-0.5,;;
,,0.00584,0,;;
,,0.00586,0,;;
,,0.00588,0,;;
,,0.0059,0,;;
,,0.00592,0,;;
,,0.00594,0,;;
,,0.00596,0,;;
,,0.00598,-0.5,;;
,,0.006,0,;;
,,0.00602,0,;;
,,0.00604,0,;;
,,0.00606,0,;;
,,0.00608,0,;;
,,0.0061,0,;;
,,0.00612,0,;;
,,0.00614,0,;;
,,0.00616,0,;;
,,0.00618,0,;;
,,0.0062,0,;;
,,0.00622,-0.5,;;
,,0.00624,0,;;
,,0.00626,0,;;
,,0.00628,0,;;
,,0.0063,0,;;
,,0.00632,0.5,;;
,,0.00634,0,;;
,,0.00636,-0.5,;;
,,0.00638,0,;;
,,0.0064,0.5,;;
,,0.00642,0,;;
,,0.00644,0,;;
,,0.00646,0,;;
,,0.00648,0,;;
,,0.0065,0,;;
,,0.00652,0,;;
,,0.00654,0.5,;;
,,0.00656,0,;;
,,0.00658,0,;;
,,0.0066,0,;;
,,0.00662,0.5,;;
,,0.00664,0,;;
,,0.00666,0,;;
,,0.00668,0,;;
,,0.0067,0,;;
,,0.00672,0,;;
,,0.00674,0.5,;;
,,0.00676,0,;;
,,0.00678,0,;;
,,0.0068,0,;;
,,0.00682,0,;;
,,0.00684,-0.5,;;
,,0.00686,-0.5,;;
,,0.00688,0,;;
,,0.0069,0,;;
,,0.00692,0,;;
,,0.00694,0,;;
,,0.00696,0,;;
,,0.00698,-0.5,;;
,,0.007,0,;;
,,0.00702,0.5,;;
,,0.00704,-0.5,;;
,,0.00706,0,;;
,,0.00708,0.5,;;
,,0.0071,-0.5,;;
,,0.00712,0,;;
,,0.00714,0,;;
,,0.00716,-0.5,;;
,,0.00718,0,;;
,,0.0072,0,;;
,,0.00722,-0.5,;;
,,0.00724,0,;;
,,0.00726,0,;;
,,0.00728,0,;;
,,0.0073,-0.5,;;
,,0.00732,0.5,;;
,,0.00734,0,;;
,,0.00736,0,;;
,,0.00738,-0.5,;;
,,0.0074,0,;;
,,0.00742,0,;;
,,0.00744,0,;;
,,0.00746,0,;;
,,0.00748,0,;;
,,0.0075,-0.5,;;
,,0.00752,0,;;
,,0.00754,0,;;
,,0.00756,0,;;
,,0.00758,-0.5,;;
,,0.0076,0,;;
,,0.00762,-0.5,;;
,,0.00764,0,;;
,,0.00766,0,;;
,,0.00768,0,;;
,,0.0077,0,;;
,,0.00772,0,;;
,,0.00774,0,;;
,,0.00776,0,;;
,,0.00778,-0.5,;;
,,0.0078,-0.5,;;
,,0.00782,0,;;
,,0.00784,0,;;
,,0.00786,0,;;
,,0.00788,0,;;
,,0.0079,0,;;
,,0.00792,-0.5,;;
,,0.00794,0,;;
,,0.00796,-0.5,;;
,,0.00798,0,;;
,,0.008,0,;;
,,0.00802,-0.5,;;
,,0.00804,-0.5,;;
,,0.00806,-0.5,;;
,,0.00808,0,;;
,,0.0081,-0.5,;;
,,0.00812,0,;;
,,0.00814,0,;;
,,0.00816,-0.5,;;
,,0.00818,0,;;
,,0.0082,-0.5,;;
,,0.00822,0,;;
,,0.00824,0,;;
,,0.00826,-0.5,;;
,,0.00828,-0.5,;;
,,0.0083,0.5,;;
,,0.00832,0,;;
,,0.00834,0,;;
,,0.00836,-0.5,;;
,,0.00838,0,;;
,,0.0084,-0.5,;;
,,0.00842,0,;;
,,0.00844,0,;;
,,0.00846,0,;;
,,0.00848,0,;;
,,0.0085,-0.5,;;
,,0.00852,0,;;
,,0.00854,-0.5,;;
,,0.00856,0,;;
,,0.00858,-0.5,;;
,,0.0086,0,;;
,,0.00862,0,;;
,,0.00864,-0.5,;;
,,0.00866,0,;;
,,0.00868,-0.5,;;
,,0.0087,0,;;
,,0.00872,-0.5,;;
,,0.00874,-0.5,;;
,,0.00876,-0.5,;;
,,0.00878,0,;;
,,0.0088,-0.5,;;
,,0.00882,-0.5,;;
,,0.00884,-0.5,;;
,,0.00886,-0.5,;;
,,0.00888,-0.5,;;
,,0.0089,0,;;
,,0.00892,-0.5,;;
,,0.00894,0,;;
,,0.00896,0,;;
,,0.00898,0,;;
,,0.009,0,;;
,,0.00902,0,;;
,,0.00904,0,;;
,,0.00906,0,;;
,,0.00908,0,;;
,,0.0091,0,;;
,,0.00912,-0.5,;;
,,0.00914,0,;;
,,0.00916,0,;;
,,0.00918,0,;;
,,0.0092,0,;;
,,0.00922,0,;;
,,0.00924,0,;;
,,0.00926,-0.5,;;
,,0.00928,0,;;
,,0.0093,-0.5,;;
,,0.00932,0,;;
,,0.00934,0,;;
,,0.00936,-0.5,;;
,,0.00938,0,;;
,,0.0094,0,;;
,,0.00942,-0.5,;;
,,0.00944,0,;;
,,0.00946,0,;;
,,0.00948,0,;;
,,0.0095,0,;;
,,0.00952,0,;;
,,0.00954,0,;;
,,0.00956,0,;;
,,0.00958,0,;;
,,0.0096,0,;;
,,0.00962,0,;;
,,0.00964,0,;;
,,0.00966,0,;;
,,0.00968,-0.5,;;
,,0.0097,0,;;
,,0.00972,0,;;
,,0.00974,-0.5,;;
,,0.00976,0,;;
,,0.00978,0,;;
,,0.0098,0,;;
,,0.00982,0,;;
,,0.00984,0.5,;;
,,0.00986,-0.5,;;
,,0.00988,0,;;
,,0.0099,0,;;
,,0.00992,-0.5,;;
,,0.00994,0,;;
,,0.00996,0,;;
,,0.00998,-0.5,;;
,,0.01,-0.5,;;
,,0.01002,-0.5,;;
,,0.01004,0,;;
,,0.01006,-0.5,;;
,,0.01008,-0.5,;;
,,0.0101,-0.5,;;
,,0.01012,-0.5,;;
,,0.01014,-0.5,;;
,,0.01016,-4,;;
,,0.01018,-4,;;
,,0.0102,-4,;;
,,0.01022,-0.5,;;
,,0.01024,-4,;;
,,0.01026,-4,;;
,,0.01028,-6,;;
,,0.0103,-6,;;
,,0.01032,-6,;;
,,0.01034,-6,;;
,,0.01036,-6,;;
,,0.01038,-6,;;
,,0.0104,-6,;;
,,0.01042,-6,;;
,,0.01044,-6,;;
,,0.01046,-6,;;
,,0.01048,-8,;;
,,0.0105,-8,;;
,,0.01052,-8,;;
,,0.01054,-8,;;
,,0.01056,-8,;;
,,0.01058,-10,;;
,,0.0106,-8,;;
,,0.01062,-10,;;
,,0.01064,-10,;;
,,0.01066,-10,;;
,,0.01068,-10,;;
,,0.0107,-12,;;
,,0.01072,-12,;;
,,0.01074,-12,;;
,,0.01076,-12,;;
,,0.01078,-12,;;
,,0.0108,-12,;;
,,0.01082,-12,;;
,,0.01084,-12,;;
,,0.01086,-12,;;
,,0.01088,-12,;;
,,0.0109,-12,;;
,,0.01092,-14,;;
,,0.01094,-14,;;
,,0.01096,-14,;;
,,0.01098,-16,;;
,,0.011,-16,;;
,,0.01102,-16,;;
,,0.01104,-16,;;
,,0.01106,-16,;;
,,0.01108,-16,;;
,,0.0111,-16,;;
,,0.01112,-18,;;
,,0.01114,-18,;;
,,0.01116,-18,;;
,,0.01118,-16,;;
,,0.0112,-18,;;
,,0.01122,-18,;;
,,0.01124,-18,;;
,,0.01126,-18,;;
,,0.01128,-18,;;
,,0.0113,-18,;;
,,0.01132,-20,;;
,,0.01134,-20,;;
,,0.01136,-20,;;
,,0.01138,-20,;;
,,0.0114,-20,;;
,,0.01142,-22,;;
,,0.01144,-22,;;
,,0.01146,-20,;;
,,0.01148,-20,;;
,,0.0115,-22,;;
,,0.01152,-22,;;
,,0.01154,-20,;;
,,0.01156,-22,;;
,,0.01158,-22,;;
,,0.0116,-22,;;
,,0.01162,-22,;;
,,0.01164,-24,;;
,,0.01166,-24,;;
,,0.01168,-24,;;
,,0.0117,-22,;;
,,0.01172,-26,;;
,,0.01174,-24,;;
,,0.01176,-26,;;
,,0.01178,-26,;;
,,0.0118,-24,;;
,,0.01182,-26,;;
,,0.01184,-26,;;
,,0.01186,-26,;;
,,0.01188,-26,;;
,,0.0119,-28,;;
,,0.01192,-26,;;
,,0.01194,-28,;;
,,0.01196,-28,;;
,,0.01198,-28,;;
,,0.012,-26,;;
,,0.01202,-28,;;
,,0.01204,-28,;;
,,0.01206,-26,;;
,,0.01208,-30,;;
,,0.0121,-28,;;
,,0.01212,-30,;;
,,0.01214,-28,;;
,,0.01216,-30,;;
,,0.01218,-30,;;
,,0.0122,-30,;;
,,0.01222,-30,;;
,,0.01224,-30,;;
,,0.01226,-30,;;
,,0.01228,-30,;;
,,0.0123,-30,;;
,,0.01232,-32,;;
,,0.01234,-30,;;
,,0.01236,-30,;;
,,0.01238,-30,;;
,,0.0124,-32,;;
,,0.01242,-32,;;
,,0.01244,-32,;;
,,0.01246,-32,;;
,,0.01248,-32,;;
,,0.0125,-36,;;
,,0.01252,-56,;;
,,0.01254,-60,;;
,,0.01256,-62,;;
,,0.01258,-62,;;
,,0.0126,-62,;;
,,0.01262,-64,;;
,,0.01264,-66,;;
,,0.01266,-66,;;
,,0.01268,-66,;;
,,0.0127,-66,;;
,,0.01272,-68,;;
,,0.01274,-68,;;
,,0.01276,-68,;;
,,0.01278,-68,;;
,,0.0128,-70,;;
,,0.01282,-70,;;
,,0.01284,-70,;;
,,0.01286,-70,;;
,,0.01288,-72,;;
,,0.0129,-72,;;
,,0.01292,-72,;;
,,0.01294,-72,;;
,,0.01296,-72,;;
,,0.01298,-72,;;
,,0.013,-74,;;
,,0.01302,-76,;;
,,0.01304,-76,;;
,,0.01306,-76,;;
,,0.01308,-76,;;
,,0.0131,-76,;;
,,0.01312,-76,;;
,,0.01314,-76,;;
,,0.01316,-78,;;
,,0.01318,-78,;;
,,0.0132,-78,;;
,,0.01322,-78,;;
,,0.01324,-80,;;
,,0.01326,-80,;;
,,0.01328,-80,;;
,,0.0133,-80,;;
,,0.01332,-80,;;
,,0.01334,-80,;;
,,0.01336,-80,;;
,,0.01338,-80,;;
,,0.0134,-80,;;
,,0.01342,-80,;;
,,0.01344,-82,;;
,,0.01346,-84,;;
,,0.01348,-82,;;
,,0.0135,-82,;;
,,0.01352,-84,;;
,,0.01354,-82,;;
,,0.01356,-82,;;
,,0.01358,-84,;;
,,0.0136,-84,;;
,,0.01362,-84,;;
,,0.01364,-86,;;
,,0.01366,-84,;;
,,0.01368,-84,;;
,,0.0137,-84,;;
,,0.01372,-84,;;
,,0.01374,-86,;;
,,0.01376,-86,;;
,,0.01378,-86,;;
,,0.0138,-86,;;
,,0.01382,-86,;;
,,0.01384,-86,;;
,,0.01386,-88,;;
,,0.01388,-88,;;
,,0.0139,-88,;;
,,0.01392,-88,;;
,,0.01394,-86,;;
,,0.01396,-88,;;
,,0.01398,-88,;;
,,0.014,-88,;;
,,0.01402,-88,;;
,,0.01404,-88,;;
,,0.01406,-88,;;
,,0.01408,-88,;;
,,0.0141,-88,;;
,,0.01412,-88,;;
,,0.01414,-88,;;
,,0.01416,-88,;;
,,0.01418,-88,;;
,,0.0142,-90,;;
,,0.01422,-90,;;
,,0.01424,-88,;;
,,0.01426,-90,;;
,,0.01428,-90,;;
,,0.0143,-92,;;
,,0.01432,-90,;;
,,0.01434,-88,;;
,,0.01436,-90,;;
,,0.01438,-90,;;
,,0.0144,-90,;;
,,0.01442,-90,;;
,,0.01444,-92,;;
,,0.01446,-90,;;
,,0.01448,-90,;;
,,0.0145,-92,;;
,,0.01452,-90,;;
,,0.01454,-92,;;
,,0.01456,-90,;;
,,0.01458,-90,;;
,,0.0146,-92,;;
,,0.01462,-90,;;
,,0.01464,-92,;;
,,0.01466,-92,;;
,,0.01468,-92,;;
,,0.0147,-92,;;
,,0.01472,-90,;;
,,0.01474,-90,;;
,,0.01476,-90,;;
,,0.01478,-92,;;
,,0.0148,-92,;;
,,0.01482,-92,;;
,,0.01484,-92,;;
,,0.01486,-92,;;
,,0.01488,-92,;;
,,0.0149,-94,;;
,,0.01492,-92,;;
,,0.01494,-92,;;
,,0.01496,-92,;;
,,0.01498,-92,;;
,,0.015,-92,;;
,,0.01502,-92,;;
,,0.01504,-92,;;
,,0.01506,-92,;;
,,0.01508,-92,;;
,,0.0151,-94,;;
,,0.01512,-90,;;
,,0.01514,-94,;;
,,0.01516,-92,;;
,,0.01518,-94,;;
,,0.0152,-92,;;
,,0.01522,-94,;;
,,0.01524,-94,;;
,,0.01526,-92,;;
,,0.01528,-92,;;
,,0.0153,-92,;;
,,0.01532,-92,;;
,,0.01534,-96,;;
,,0.01536,-92,;;
,,0.01538,-94,;;
,,0.0154,-92,;;
,,0.01542,-92,;;
,,0.01544,-92,;;
,,0.01546,-94,;;
,,0.01548,-92,;;
,,0.0155,-94,;;
,,0.01552,-92,;;
,,0.01554,-92,;;
,,0.01556,-94,;;
,,0.01558,-92,;;
,,0.0156,-94,;;
,,0.01562,-94,;;
,,0.01564,-94,;;
,,0.01566,-94,;;
,,0.01568,-92,;;
,,0.0157,-94,;;
,,0.01572,-92,;;
,,0.01574,-92,;;
,,0.01576,-92,;;
,,0.01578,-92,;;
,,0.0158,-94,;;
,,0.01582,-94,;;
,,0.01584,-94,;;
,,0.01586,-94,;;
,,0.01588,-94,;;
,,0.0159,-94,;;
,,0.01592,-92,;;
,,0.01594,-92,;;
,,0.01596,-94,;;
,,0.01598,-94,;;
,,0.016,-92,;;
,,0.01602,-92,;;
,,0.01604,-94,;;
,,0.01606,-94,;;
,,0.01608,-92,;;
,,0.0161,-92,;;
,,0.01612,-94,;;
,,0.01614,-94,;;
,,0.01616,-92,;;
,,0.01618,-92,;;
,,0.0162,-92,;;
,,0.01622,-92,;;
,,0.01624,-92,;;
,,0.01626,-92,;;
,,0.01628,-92,;;
,,0.0163,-92,;;
,,0.01632,-92,;;
,,0.01634,-90,;;
,,0.01636,-92,;;
,,0.01638,-92,;;
,,0.0164,-92,;;
,,0.01642,-90,;;
,,0.01644,-90,;;
,,0.01646,-88,;;
,,0.01648,-88,;;
,,0.0165,-90,;;
,,0.01652,-88,;;
,,0.01654,-88,;;
,,0.01656,-88,;;
,,0.01658,-86,;;
,,0.0166,-86,;;
,,0.01662,-88,;;
,,0.01664,-86,;;
,,0.01666,-86,;;
,,0.01668,-86,;;
,,0.0167,-86,;;
,,0.01672,-84,;;
,,0.01674,-84,;;
,,0.01676,-84,;;
,,0.01678,-82,;;
,,0.0168,-82,;;
,,0.01682,-82,;;
,,0.01684,-82,;;
,,0.01686,-80,;;
,,0.01688,-82,;;
,,0.0169,-80,;;
,,0.01692,-80,;;
,,0.01694,-80,;;
,,0.01696,-78,;;
,,0.01698,-78,;;
,,0.017,-80,;;
,,0.01702,-76,;;
,,0.01704,-78,;;
,,0.01706,-78,;;
,,0.01708,-76,;;
,,0.0171,-74,;;
,,0.01712,-74,;;
,,0.01714,-74,;;
,,0.01716,-74,;;
,,0.01718,-74,;;
,,0.0172,-74,;;
,,0.01722,-74,;;
,,0.01724,-72,;;
,,0.01726,-72,;;
,,0.01728,-72,;;
,,0.0173,-72,;;
,,0.01732,-72,;;
,,0.01734,-72,;;
,,0.01736,-70,;;
,,0.01738,-72,;;
,,0.0174,-70,;;
,,0.01742,-68,;;
,,0.01744,-70,;;
,,0.01746,-70,;;
,,0.01748,-68,;;
,,0.0175,-68,;;
,,0.01752,-68,;;
,,0.01754,-66,;;
,,0.01756,-66,;;
,,0.01758,-66,;;
,,0.0176,-64,;;
,,0.01762,-64,;;
,,0.01764,-64,;;
,,0.01766,-66,;;
,,0.01768,-64,;;
,,0.0177,-62,;;
,,0.01772,-62,;;
,,0.01774,-62,;;
,,0.01776,-62,;;
,,0.01778,-62,;;
,,0.0178,-60,;;
,,0.01782,-60,;;
,,0.01784,-60,;;
,,0.01786,-60,;;
,,0.01788,-60,;;
,,0.0179,-58,;;
,,0.01792,-60,;;
,,0.01794,-58,;;
,,0.01796,-56,;;
,,0.01798,-58,;;
,,0.018,-58,;;
,,0.01802,-56,;;
,,0.01804,-56,;;
,,0.01806,-56,;;
,,0.01808,-56,;;
,,0.0181,-54,;;
,,0.01812,-52,;;
,,0.01814,-54,;;
,,0.01816,-52,;;
,,0.01818,-52,;;
,,0.0182,-54,;;
,,0.01822,-52,;;
,,0.01824,-52,;;
,,0.01826,-50,;;
,,0.01828,-52,;;
,,0.0183,-48,;;
,,0.01832,-50,;;
,,0.01834,-50,;;
,,0.01836,-48,;;
,,0.01838,-48,;;
,,0.0184,-48,;;
,,0.01842,-48,;;
,,0.01844,-46,;;
,,0.01846,-46,;;
,,0.01848,-44,;;
,,0.0185,-46,;;
,,0.01852,-46,;;
,,0.01854,-44,;;
,,0.01856,-44,;;
,,0.01858,-44,;;
,,0.0186,-44,;;
,,0.01862,-42,;;
,,0.01864,-42,;;
,,0.01866,-44,;;
,,0.01868,-42,;;
,,0.0187,-42,;;
,,0.01872,-40,;;
,,0.01874,-42,;;
,,0.01876,-40,;;
,,0.01878,-40,;;
,,0.0188,-40,;;
,,0.01882,-38,;;
,,0.01884,-38,;;
,,0.01886,-38,;;
,,0.01888,-38,;;
,,0.0189,-36,;;
,,0.01892,-36,;;
,,0.01894,-36,;;
,,0.01896,-36,;;
,,0.01898,-34,;;
,,0.019,-34,;;
,,0.01902,-34,;;
,,0.01904,-34,;;
,,0.01906,-34,;;
,,0.01908,-32,;;
,,0.0191,-32,;;
,,0.01912,-32,;;
,,0.01914,-30,;;
,,0.01916,-30,;;
,,0.01918,-32,;;
,,0.0192,-30,;;
,,0.01922,-30,;;
,,0.01924,-28,;;
,,0.01926,-26,;;
,,0.01928,-26,;;
,,0.0193,-26,;;
,,0.01932,-26,;;
,,0.01934,-26,;;
,,0.01936,-24,;;
,,0.01938,-24,;;
,,0.0194,-26,;;
,,0.01942,-24,;;
,,0.01944,-22,;;
,,0.01946,-22,;;
,,0.01948,-20,;;
,,0.0195,-24,;;
,,0.01952,-20,;;
,,0.01954,-18,;;
,,0.01956,-18,;;
,,0.01958,-18,;;
,,0.0196,-18,;;
,,0.01962,-16,;;
,,0.01964,-18,;;
,,0.01966,-16,;;
,,0.01968,-16,;;
,,0.0197,-14,;;
,,0.01972,-14,;;
,,0.01974,-12,;;
,,0.01976,-12,;;
,,0.01978,-12,;;
,,0.0198,-12,;;
,,0.01982,-12,;;
,,0.01984,-12,;;
,,0.01986,-10,;;
,,0.01988,-10,;;
,,0.0199,-8,;;
,,0.01992,-8,;;
,,0.01994,-8,;;
,,0.01996,-8,;;
,,0.01998,-4,;;
,,0.02,-4,;;
,,0.02002,-4,;;
,,0.02004,-4,;;
,,0.02006,-0.5,;;
,,0.02008,-0.5,;;
,,0.0201,-0.5,;;
,,0.02012,0,;;
,,0.02014,0,;;
,,0.02016,-0.5,;;
,,0.02018,0,;;
,,0.0202,0.5,;;
,,0.02022,0,;;
,,0.02024,0,;;
,,0.02026,0.5,;;
,,0.02028,0.5,;;
,,0.0203,0.5,;;
,,0.02032,0.5,;;
,,0.02034,0.5,;;
,,0.02036,0.5,;;
,,0.02038,4,;;
,,0.0204,4,;;
,,0.02042,4,;;
,,0.02044,4,;;
,,0.02046,4,;;
,,0.02048,6,;;
,,0.0205,4,;;
,,0.02052,4,;;
,,0.02054,6,;;
,,0.02056,6,;;
,,0.02058,6,;;
,,0.0206,6,;;
,,0.02062,8,;;
,,0.02064,8,;;
,,0.02066,6,;;
,,0.02068,8,;;
,,0.0207,6,;;
,,0.02072,8,;;
,,0.02074,8,;;
,,0.02076,8,;;
,,0.02078,10,;;
,,0.0208,10,;;
,,0.02082,10,;;
,,0.02084,10,;;
,,0.02086,10,;;
,,0.02088,10,;;
,,0.0209,10,;;
,,0.02092,12,;;
,,0.02094,12,;;
,,0.02096,12,;;
,,0.02098,12,;;
,,0.021,14,;;
,,0.02102,12,;;
,,0.02104,14,;;
,,0.02106,12,;;
,,0.02108,14,;;
,,0.0211,14,;;
,,0.02112,16,;;
,,0.02114,14,;;
,,0.02116,16,;;
,,0.02118,16,;;
,,0.0212,14,;;
,,0.02122,18,;;
,,0.02124,16,;;
,,0.02126,18,;;
,,0.02128,16,;;
,,0.0213,16,;;
,,0.02132,18,;;
,,0.02134,16,;;
,,0.02136,16,;;
,,0.02138,16,;;
,,0.0214,18,;;
,,0.02142,18,;;
,,0.02144,18,;;
,,0.02146,20,;;
,,0.02148,18,;;
,,0.0215,18,;;
,,0.02152,20,;;
,,0.02154,18,;;
,,0.02156,20,;;
,,0.02158,20,;;
,,0.0216,20,;;
,,0.02162,20,;;
,,0.02164,22,;;
,,0.02166,20,;;
,,0.02168,20,;;
,,0.0217,22,;;
,,0.02172,22,;;
,,0.02174,22,;;
,,0.02176,22,;;
,,0.02178,24,;;
,,0.0218,22,;;
,,0.02182,22,;;
,,0.02184,22,;;
,,0.02186,22,;;
,,0.02188,24,;;
,,0.0219,22,;;
,,0.02192,22,;;
,,0.02194,22,;;
,,0.02196,22,;;
,,0.02198,24,;;
,,0.022,24,;;
,,0.02202,24,;;
,,0.02204,24,;;
,,0.02206,26,;;
,,0.02208,26,;;
,,0.0221,26,;;
,,0.02212,26,;;
,,0.02214,26,;;
,,0.02216,26,;;
,,0.02218,26,;;
,,0.0222,28,;;
,,0.02222,28,;;
,,0.02224,26,;;
,,0.02226,26,;;
,,0.02228,28,;;
,,0.0223,28,;;
,,0.02232,28,;;
,,0.02234,30,;;
,,0.02236,28,;;
,,0.02238,28,;;
,,0.0224,28,;;
,,0.02242,30,;;
,,0.02244,28,;;
,,0.02246,30,;;
,,0.02248,30,;;
,,0.0225,30,;;
,,0.02252,28,;;
,,0.02254,30,;;
,,0.02256,30,;;
,,0.02258,-0.5,;;
,,0.0226,0,;;
,,0.02262,-0.5,;;
,,0.02264,0,;;
,,0.02266,0,;;
,,0.02268,0,;;
,,0.0227,-0.5,;;
,,0.02272,-0.5,;;
,,0.02274,0,;;
,,0.02276,-0.5,;;
,,0.02278,0,;;
,,0.0228,-0.5,;;
,,0.02282,0,;;
,,0.02284,-0.5,;;
,,0.02286,0,;;
,,0.02288,-0.5,;;
,,0.0229,0,;;
,,0.02292,0,;;
,,0.02294,0,;;
,,0.02296,0,;;
,,0.02298,0,;;
,,0.023,0,;;
,,0.02302,0,;;
,,0.02304,0,;;
,,0.02306,-0.5,;;
,,0.02308,0,;;
,,0.0231,-0.5,;;
,,0.02312,0,;;
,,0.02314,0,;;
,,0.02316,0,;;
,,0.02318,0,;;
,,0.0232,0,;;
,,0.02322,0,;;
,,0.02324,0,;;
,,0.02326,0,;;
,,0.02328,-0.5,;;
,,0.0233,-4,;;
,,0.02332,-0.5,;;
,,0.02334,-0.5,;;
,,0.02336,0,;;
,,0.02338,-0.5,;;
,,0.0234,-0.5,;;
,,0.02342,0,;;
,,0.02344,-0.5,;;
,,0.02346,0,;;
,,0.02348,0,;;
,,0.0235,-0.5,;;
,,0.02352,-0.5,;;
,,0.02354,0,;;
,,0.02356,0,;;
,,0.02358,-0.5,;;
,,0.0236,0,;;
,,0.02362,0,;;
,,0.02364,0,;;
,,0.02366,0,;;
,,0.02368,0.5,;;
,,0.0237,0.5,;;
,,0.02372,0,;;
,,0.02374,0,;;
,,0.02376,-0.5,;;
,,0.02378,-0.5,;;
,,0.0238,0,;;
,,0.02382,0,;;
,,0.02384,0,;;
,,0.02386,-0.5,;;
,,0.02388,0.5,;;
,,0.0239,0,;;
,,0.02392,-0.5,;;
,,0.02394,-0.5,;;
,,0.02396,0,;;
,,0.02398,0,;;
,,0.024,0,;;
,,0.02402,-0.5,;;
,,0.02404,0,;;
,,0.02406,0.5,;;
,,0.02408,0,;;
,,0.0241,0,;;
,,0.02412,0,;;
,,0.02414,-0.5,;;
,,0.02416,-0.5,;;
,,0.02418,0,;;
,,0.0242,0,;;
,,0.02422,-0.5,;;
,,0.02424,0,;;
,,0.02426,-0.5,;;
,,0.02428,-0.5,;;
,,0.0243,0,;;
,,0.02432,-0.5,;;
,,0.02434,-0.5,;;
,,0.02436,0,;;
,,0.02438,0,;;
,,0.0244,0,;;
,,0.02442,0,;;
,,0.02444,-0.5,;;
,,0.02446,0,;;
,,0.02448,0,;;
,,0.0245,0,;;
,,0.02452,-0.5,;;
,,0.02454,0,;;
,,0.02456,0,;;
,,0.02458,0,;;
,,0.0246,0,;;
,,0.02462,-0.5,;;
,,0.02464,0,;;
,,0.02466,0,;;
,,0.02468,0,;;
,,0.0247,-0.5,;;
,,0.02472,0,;;
,,0.02474,-0.5,;;
,,0.02476,0,;;
,,0.02478,0,;;
,,0.0248,0.5,;;
,,0.02482,0,;;
,,0.02484,0,;;
,,0.02486,-0.5,;;
,,0.02488,0,;;
,,0.0249,-0.5,;;
,,0.02492,-0.5,;;
,,0.02494,-0.5,;;
,,0.02496,0,;;
,,0.02498,0,;;
,,0.025,-0.5,;;
,,0.02502,0,;;
,,0.02504,0,;;
,,0.02506,0,;;
,,0.02508,0,;;
,,0.0251,0,;;
,,0.02512,0,;;
,,0.02514,0,;;
,,0.02516,0,;;
,,0.02518,0,;;
,,0.0252,0,;;
,,0.02522,0,;;
,,0.02524,0,;;
,,0.02526,0,;;
,,0.02528,0.5,;;
,,0.0253,0,;;
,,0.02532,0,;;
,,0.02534,0,;;
,,0.02536,-0.5,;;
,,0.02538,-0.5,;;
,,0.0254,0,;;
,,0.02542,-0.5,;;
,,0.02544,0,;;
,,0.02546,0,;;
,,0.02548,0,;;
,,0.0255,0,;;
,,0.02552,0,;;
,,0.02554,0,;;
,,0.02556,-0.5,;;
,,0.02558,-0.5,;;
,,0.0256,0,;;
,,0.02562,0,;;
,,0.02564,0,;;
,,0.02566,0,;;
,,0.02568,0,;;
,,0.0257,-0.5,;;
,,0.02572,-0.5,;;
,,0.02574,0,;;
,,0.02576,0,;;
,,0.02578,0,;;
,,0.0258,0,;;
,,0.02582,-0.5,;;
,,0.02584,-0.5,;;
,,0.02586,-0.5,;;
,,0.02588,0,;;
,,0.0259,0,;;
,,0.02592,0,;;
,,0.02594,0,;;
,,0.02596,-0.5,;;
,,0.02598,0,;;
,,0.026,0,;;
,,0.02602,0,;;
,,0.02604,-0.5,;;
,,0.02606,0,;;
,,0.02608,0,;;
,,0.0261,-0.5,;;
,,0.02612,0,;;
,,0.02614,0,;;
,,0.02616,0,;;
,,0.02618,0,;;
,,0.0262,0,;;
,,0.02622,-0.5,;;
,,0.02624,0,;;
,,0.02626,0,;;
,,0.02628,0,;;
,,0.0263,-0.5,;;
,,0.02632,-0.5,;;
,,0.02634,-0.5,;;
,,0.02636,0,;;
,,0.02638,0,;;
,,0.0264,0,;;
,,0.02642,0,;;
,,0.02644,0,;;
,,0.02646,0,;;
,,0.02648,0,;;
,,0.0265,-0.5,;;
,,0.02652,0,;;
,,0.02654,0.5,;;
,,0.02656,0,;;
,,0.02658,0,;;
,,0.0266,0,;;
,,0.02662,0,;;
,,0.02664,0,;;
,,0.02666,0.5,;;
,,0.02668,-0.5,;;
,,0.0267,0,;;
,,0.02672,-0.5,;;
,,0.02674,-0.5,;;
,,0.02676,-0.5,;;
,,0.02678,0,;;
,,0.0268,0,;;
,,0.02682,-0.5,;;
,,0.02684,0,;;
,,0.02686,-0.5,;;
,,0.02688,0,;;
,,0.0269,0,;;
,,0.02692,0,;;
,,0.02694,0,;;
,,0.02696,0,;;
,,0.02698,0.5,;;
,,0.027,0,;;
,,0.02702,-0.5,;;
,,0.02704,0,;;
,,0.02706,0,;;
,,0.02708,0,;;
,,0.0271,0,;;
,,0.02712,0,;;
,,0.02714,-0.5,;;
,,0.02716,-0.5,;;
,,0.02718,-0.5,;;
,,0.0272,-0.5,;;
,,0.02722,0,;;
,,0.02724,-0.5,;;
,,0.02726,0,;;
,,0.02728,0.5,;;
,,0.0273,0,;;
,,0.02732,0,;;
,,0.02734,0.5,;;
,,0.02736,0,;;
,,0.02738,0,;;
,,0.0274,-0.5,;;
,,0.02742,0,;;
,,0.02744,-0.5,;;
,,0.02746,0,;;
,,0.02748,0,;;
,,0.0275,0,;;
,,0.02752,0,;;
,,0.02754,0,;;
,,0.02756,0,;;
,,0.02758,0,;;
,,0.0276,0,;;
,,0.02762,0,;;
,,0.02764,0,;;
,,0.02766,-0.5,;;
,,0.02768,0,;;
,,0.0277,0.5,;;
,,0.02772,0,;;
,,0.02774,0,;;
,,0.02776,0,;;
,,0.02778,-0.5,;;
,,0.0278,-0.5,;;
,,0.02782,-0.5,;;
,,0.02784,0,;;
,,0.02786,0,;;
,,0.02788,0,;;
,,0.0279,0,;;
,,0.02792,-0.5,;;
,,0.02794,0,;;
,,0.02796,0,;;
,,0.02798,-0.5,;;
,,0.028,0.5,;;
,,0.02802,0,;;
,,0.02804,0.5,;;
,,0.02806,0,;;
,,0.02808,-0.5,;;
,,0.0281,0,;;
,,0.02812,0,;;
,,0.02814,0,;;
,,0.02816,-0.5,;;
,,0.02818,0,;;
,,0.0282,0,;;
,,0.02822,0,;;
,,0.02824,-0.5,;;
,,0.02826,0,;;
,,0.02828,0,;;
,,0.0283,-0.5,;;
,,0.02832,0,;;
,,0.02834,0,;;
,,0.02836,-0.5,;;
,,0.02838,0,;;
,,0.0284,-0.5,;;
,,0.02842,-0.5,;;
,,0.02844,0,;;
,,0.02846,0,;;
,,0.02848,0,;;
,,0.0285,0,;;
,,0.02852,0,;;
,,0.02854,-0.5,;;
,,0.02856,0,;;
,,0.02858,-0.5,;;
,,0.0286,0,;;
,,0.02862,0,;;
,,0.02864,-0.5,;;
,,0.02866,0,;;
,,0.02868,-0.5,;;
,,0.0287,-0.5,;;
,,0.02872,0,;;
,,0.02874,-0.5,;;
,,0.02876,0,;;
,,0.02878,-0.5,;;
,,0.0288,0,;;
,,0.02882,0,;;
,,0.02884,0,;;
,,0.02886,0,;;
,,0.02888,0,;;
,,0.0289,0,;;
,,0.02892,0,;;
,,0.02894,0,;;
,,0.02896,0,;;
,,0.02898,-0.5,;;
,,0.029,0.5,;;
,,0.02902,0,;;
,,0.02904,-0.5,;;
,,0.02906,0,;;
,,0.02908,0,;;
,,0.0291,0,;;
,,0.02912,0,;;
,,0.02914,-0.5,;;
,,0.02916,0,;;
,,0.02918,0,;;
,,0.0292,-0.5,;;
,,0.02922,-0.5,;;
,,0.02924,0,;;
,,0.02926,-0.5,;;
,,0.02928,0,;;
,,0.0293,0,;;
,,0.02932,0,;;
,,0.02934,0.5,;;
,,0.02936,0,;;
,,0.02938,0,;;
,,0.0294,0,;;
,,0.02942,0,;;
,,0.02944,0,;;
,,0.02946,0,;;
,,0.02948,-0.5,;;
,,0.0295,0.5,;;
,,0.02952,-0.5,;;
,,0.02954,-0.5,;;
,,0.02956,0,;;
,,0.02958,0,;;
,,0.0296,0,;;
,,0.02962,0,;;
,,0.02964,0,;;
,,0.02966,0,;;
,,0.02968,0,;;
,,0.0297,0,;;
,,0.02972,0,;;
,,0.02974,0,;;
,,0.02976,-0.5,;;
,,0.02978,0,;;
,,0.0298,0,;;
,,0.02982,0,;;
,,0.02984,-0.5,;;
,,0.02986,0,;;
,,0.02988,0,;;
,,0.0299,0,;;
,,0.02992,-0.5,;;
,,0.02994,0,;;
,,0.02996,0,;;
,,0.02998,0,;;
,,0.03,0,;;
,,0.03002,-0.5,;;
,,0.03004,0,;;
,,0.03006,-0.5,;;
,,0.03008,-0.5,;;
,,0.0301,-0.5,;;
,,0.03012,-0.5,;;
,,0.03014,-4,;;
,,0.03016,-0.5,;;
,,0.03018,-0.5,;;
,,0.0302,-4,;;
,,0.03022,-0.5,;;
,,0.03024,-0.5,;;
,,0.03026,-4,;;
,,0.03028,-4,;;
,,0.0303,-6,;;
,,0.03032,-6,;;
,,0.03034,-8,;;
,,0.03036,-6,;;
,,0.03038,-6,;;
,,0.0304,-6,;;
,,0.03042,-6,;;
,,0.03044,-8,;;
,,0.03046,-6,;;
,,0.03048,-8,;;
,,0.0305,-8,;;
,,0.03052,-8,;;
,,0.03054,-8,;;
,,0.03056,-8,;;
,,0.03058,-8,;;
,,0.0306,-8,;;
,,0.03062,-10,;;
,,0.03064,-12,;;
,,0.03066,-12,;;
,,0.03068,-12,;;
,,0.0307,-10,;;
,,0.03072,-12,;;
,,0.03074,-12,;;
,,0.03076,-12,;;
,,0.03078,-10,;;
,,0.0308,-12,;;
,,0.03082,-12,;;
,,0.03084,-12,;;
,,0.03086,-14,;;
,,0.03088,-12,;;
,,0.0309,-12,;;
,,0.03092,-14,;;
,,0.03094,-14,;;
,,0.03096,-14,;;
,,0.03098,-14,;;
,,0.031,-14,;;
,,0.03102,-16,;;
,,0.03104,-14,;;
,,0.03106,-16,;;
,,0.03108,-16,;;
,,0.0311,-16,;;
,,0.03112,-16,;;
,,0.03114,-20,;;
,,0.03116,-18,;;
,,0.03118,-18,;;
,,0.0312,-18,;;
,,0.03122,-20,;;
,,0.03124,-18,;;
,,0.03126,-18,;;
,,0.03128,-18,;;
,,0.0313,-20,;;
,,0.03132,-18,;;
,,0.03134,-20,;;
,,0.03136,-20,;;
,,0.03138,-20,;;
,,0.0314,-20,;;
,,0.03142,-20,;;
,,0.03144,-20,;;
,,0.03146,-20,;;
,,0.03148,-22,;;
,,0.0315,-22,;;
,,0.03152,-22,;;
,,0.03154,-22,;;
,,0.03156,-24,;;
,,0.03158,-24,;;
,,0.0316,-24,;;
,,0.03162,-22,;;
,,0.03164,-24,;;
,,0.03166,-24,;;
,,0.03168,-24,;;
,,0.0317,-24,;;
,,0.03172,-26,;;
,,0.03174,-24,;;
,,0.03176,-24,;;
,,0.03178,-26,;;
,,0.0318,-24,;;
,,0.03182,-24,;;
,,0.03184,-26,;;
,,0.03186,-26,;;
,,0.03188,-26,;;
,,0.0319,-26,;;
,,0.03192,-26,;;
,,0.03194,-26,;;
,,0.03196,-26,;;
,,0.03198,-28,;;
,,0.032,-28,;;
,,0.03202,-28,;;
,,0.03204,-28,;;
,,0.03206,-28,;;
,,0.03208,-30,;;
,,0.0321,-30,;;
,,0.03212,-30,;;
,,0.03214,-28,;;
,,0.03216,-30,;;
,,0.03218,-30,;;
,,0.0322,-30,;;
,,0.03222,-28,;;
,,0.03224,-30,;;
,,0.03226,-28,;;
,,0.03228,-32,;;
,,0.0323,-30,;;
,,0.03232,-30,;;
,,0.03234,-32,;;
,,0.03236,-32,;;
,,0.03238,-30,;;
,,0.0324,-32,;;
,,0.03242,-32,;;
,,0.03244,-34,;;
,,0.03246,-30,;;
,,0.03248,-32,;;
,,0.0325,-36,;;
,,0.03252,-54,;;
,,0.03254,-60,;;
,,0.03256,-62,;;
,,0.03258,-64,;;
,,0.0326,-62,;;
,,0.03262,-64,;;
,,0.03264,-64,;;
,,0.03266,-64,;;
,,0.03268,-66,;;
,,0.0327,-66,;;
,,0.03272,-66,;;
,,0.03274,-68,;;
,,0.03276,-68,;;
,,0.03278,-68,;;
,,0.0328,-68,;;
,,0.03282,-68,;;
,,0.03284,-70,;;
,,0.03286,-72,;;
,,0.03288,-70,;;
,,0.0329,-70,;;
,,0.03292,-70,;;
,,0.03294,-70,;;
,,0.03296,-72,;;
,,0.03298,-74,;;
,,0.033,-76,;;
,,0.03302,-74,;;
,,0.03304,-76,;;
,,0.03306,-74,;;
,,0.03308,-74,;;
,,0.0331,-74,;;
,,0.03312,-78,;;
,,0.03314,-76,;;
,,0.03316,-76,;;
,,0.03318,-78,;;
,,0.0332,-78,;;
,,0.03322,-78,;;
,,0.03324,-78,;;
,,0.03326,-78,;;
,,0.03328,-80,;;
,,0.0333,-80,;;
,,0.03332,-80,;;
,,0.03334,-80,;;
,,0.03336,-80,;;
,,0.03338,-80,;;
,,0.0334,-80,;;
,,0.03342,-82,;;
,,0.03344,-80,;;
,,0.03346,-82,;;
,,0.03348,-82,;;
,,0.0335,-82,;;
,,0.03352,-82,;;
,,0.03354,-84,;;
,,0.03356,-84,;;
,,0.03358,-82,;;
,,0.0336,-84,;;
,,0.03362,-84,;;
,,0.03364,-82,;;
,,0.03366,-86,;;
,,0.03368,-84,;;
,,0.0337,-84,;;
,,0.03372,-84,;;
,,0.03374,-84,;;
,,0.03376,-86,;;
,,0.03378,-86,;;
,,0.0338,-86,;;
,,0.03382,-88,;;
,,0.03384,-86,;;
,,0.03386,-86,;;
,,0.03388,-86,;;
,,0.0339,-88,;;
,,0.03392,-86,;;
,,0.03394,-86,;;
,,0.03396,-88,;;
,,0.03398,-88,;;
,,0.034,-88,;;
,,0.03402,-88,;;
,,0.03404,-88,;;
,,0.03406,-88,;;
,,0.03408,-88,;;
,,0.0341,-88,;;
,,0.03412,-88,;;
,,0.03414,-90,;;
,,0.03416,-90,;;
,,0.03418,-88,;;
,,0.0342,-88,;;
,,0.03422,-90,;;
,,0.03424,-90,;;
,,0.03426,-90,;;
,,0.03428,-88,;;
,,0.0343,-88,;;
,,0.03432,-90,;;
,,0.03434,-90,;;
,,0.03436,-88,;;
,,0.03438,-90,;;
,,0.0344,-90,;;
,,0.03442,-90,;;
,,0.03444,-88,;;
,,0.03446,-92,;;
,,0.03448,-92,;;
,,0.0345,-90,;;
,,0.03452,-90,;;
,,0.03454,-92,;;
,,0.03456,-92,;;
,,0.03458,-92,;;
,,0.0346,-90,;;
,,0.03462,-90,;;
,,0.03464,-92,;;
,,0.03466,-92,;;
,,0.03468,-92,;;
,,0.0347,-90,;;
,,0.03472,-90,;;
,,0.03474,-90,;;
,,0.03476,-92,;;
,,0.03478,-90,;;
,,0.0348,-92,;;
,,0.03482,-90,;;
,,0.03484,-92,;;
,,0.03486,-92,;;
,,0.03488,-90,;;
,,0.0349,-90,;;
,,0.03492,-92,;;
,,0.03494,-92,;;
,,0.03496,-92,;;
,,0.03498,-92,;;
,,0.035,-92,;;
,,0.03502,-90,;;
,,0.03504,-92,;;
,,0.03506,-92,;;
,,0.03508,-94,;;
,,0.0351,-92,;;
,,0.03512,-92,;;
,,0.03514,-90,;;
,,0.03516,-92,;;
,,0.03518,-92,;;
,,0.0352,-92,;;
,,0.03522,-94,;;
,,0.03524,-92,;;
,,0.03526,-94,;;
,,0.03528,-94,;;
,,0.0353,-92,;;
,,0.03532,-94,;;
,,0.03534,-92,;;
,,0.03536,-92,;;
,,0.03538,-94,;;
,,0.0354,-92,;;
,,0.03542,-94,;;
,,0.03544,-92,;;
,,0.03546,-94,;;
,,0.03548,-94,;;
,,0.0355,-92,;;
,,0.03552,-94,;;
,,0.03554,-92,;;
,,0.03556,-94,;;
,,0.03558,-92,;;
,,0.0356,-92,;;
,,0.03562,-92,;;
,,0.03564,-94,;;
,,0.03566,-92,;;
,,0.03568,-92,;;
,,0.0357,-92,;;
,,0.03572,-92,;;
,,0.03574,-94,;;
,,0.03576,-92,;;
,,0.03578,-92,;;
,,0.0358,-94,;;
,,0.03582,-94,;;
,,0.03584,-92,;;
,,0.03586,-94,;;
,,0.03588,-92,;;
,,0.0359,-94,;;
,,0.03592,-92,;;
,,0.03594,-92,;;
,,0.03596,-92,;;
,,0.03598,-94,;;
,,0.036,-94,;;
,,0.03602,-94,;;
,,0.03604,-94,;;
,,0.03606,-92,;;
,,0.03608,-92,;;
,,0.0361,-92,;;
,,0.03612,-92,;;
,,0.03614,-92,;;
,,0.03616,-94,;;
,,0.03618,-94,;;
,,0.0362,-92,;;
,,0.03622,-92,;;
,,0.03624,-92,;;
,,0.03626,-92,;;
,,0.03628,-92,;;
,,0.0363,-92,;;
,,0.03632,-92,;;
,,0.03634,-92,;;
,,0.03636,-90,;;
,,0.03638,-90,;;
,,0.0364,-90,;;
,,0.03642,-90,;;
,,0.03644,-90,;;
,,0.03646,-90,;;
,,0.03648,-90,;;
,,0.0365,-88,;;
,,0.03652,-88,;;
,,0.03654,-88,;;
,,0.03656,-88,;;
,,0.03658,-88,;;
,,0.0366,-88,;;
,,0.03662,-88,;;
,,0.03664,-86,;;
,,0.03666,-88,;;
,,0.03668,-86,;;
,,0.0367,-86,;;
,,0.03672,-86,;;
,,0.03674,-84,;;
,,0.03676,-84,;;
,,0.03678,-82,;;
,,0.0368,-82,;;
,,0.03682,-82,;;
,,0.03684,-82,;;
,,0.03686,-80,;;
,,0.03688,-80,;;
,,0.0369,-80,;;
,,0.03692,-80,;;
,,0.03694,-80,;;
,,0.03696,-78,;;
,,0.03698,-78,;;
,,0.037,-78,;;
,,0.03702,-78,;;
,,0.03704,-78,;;
,,0.03706,-78,;;
,,0.03708,-76,;;
,,0.0371,-74,;;
,,0.03712,-76,;;
,,0.03714,-74,;;
,,0.03716,-74,;;
,,0.03718,-74,;;
,,0.0372,-76,;;
,,0.03722,-74,;;
,,0.03724,-74,;;
,,0.03726,-72,;;
,,0.03728,-74,;;
,,0.0373,-72,;;
,,0.03732,-72,;;
,,0.03734,-72,;;
,,0.03736,-70,;;
,,0.03738,-70,;;
,,0.0374,-70,;;
,,0.03742,-70,;;
,,0.03744,-70,;;
,,0.03746,-70,;;
,,0.03748,-70,;;
,,0.0375,-68,;;
,,0.03752,-68,;;
,,0.03754,-68,;;
,,0.03756,-66,;;
,,0.03758,-66,;;
,,0.0376,-64,;;
,,0.03762,-66,;;
,,0.03764,-64,;;
,,0.03766,-64,;;
,,0.03768,-64,;;
,,0.0377,-64,;;
,,0.03772,-62,;;
,,0.03774,-64,;;
,,0.03776,-62,;;
,,0.03778,-60,;;
,,0.0378,-62,;;
,,0.03782,-62,;;
,,0.03784,-60,;;
,,0.03786,-62,;;
,,0.03788,-58,;;
,,0.0379,-58,;;
,,0.03792,-60,;;
,,0.03794,-60,;;
,,0.03796,-56,;;
,,0.03798,-58,;;
,,0.038,-56,;;
,,0.03802,-58,;;
,,0.03804,-56,;;
,,0.03806,-54,;;
,,0.03808,-56,;;
,,0.0381,-56,;;
,,0.03812,-54,;;
,,0.03814,-54,;;
,,0.03816,-54,;;
,,0.03818,-52,;;
,,0.0382,-52,;;
,,0.03822,-52,;;
,,0.03824,-52,;;
,,0.03826,-50,;;
,,0.03828,-48,;;
,,0.0383,-50,;;
,,0.03832,-50,;;
,,0.03834,-50,;;
,,0.03836,-48,;;
,,0.03838,-50,;;
,,0.0384,-48,;;
,,0.03842,-48,;;
,,0.03844,-48,;;
,,0.03846,-46,;;
,,0.03848,-44,;;
,,0.0385,-46,;;
,,0.03852,-46,;;
,,0.03854,-46,;;
,,0.03856,-44,;;
,,0.03858,-44,;;
,,0.0386,-44,;;
,,0.03862,-44,;;
,,0.03864,-44,;;
,,0.03866,-42,;;
,,0.03868,-42,;;
,,0.0387,-40,;;
,,0.03872,-40,;;
,,0.03874,-42,;;
,,0.03876,-40,;;
,,0.03878,-40,;;
,,0.0388,-40,;;
,,0.03882,-40,;;
,,0.03884,-38,;;
,,0.03886,-36,;;
,,0.03888,-38,;;
,,0.0389,-36,;;
,,0.03892,-36,;;
,,0.03894,-36,;;
,,0.03896,-34,;;
,,0.03898,-34,;;
,,0.039,-34,;;
,,0.03902,-34,;;
,,0.03904,-34,;;
,,0.03906,-32,;;
,,0.03908,-32,;;
,,0.0391,-32,;;
,,0.03912,-32,;;
,,0.03914,-32,;;
,,0.03916,-30,;;
,,0.03918,-30,;;
,,0.0392,-30,;;
,,0.03922,-30,;;
,,0.03924,-28,;;
,,0.03926,-28,;;
,,0.03928,-28,;;
,,0.0393,-26,;;
,,0.03932,-26,;;
,,0.03934,-26,;;
,,0.03936,-24,;;
,,0.03938,-26,;;
,,0.0394,-24,;;
,,0.03942,-22,;;
,,0.03944,-22,;;
,,0.03946,-22,;;
,,0.03948,-22,;;
,,0.0395,-20,;;
,,0.03952,-20,;;
,,0.03954,-20,;;
,,0.03956,-18,;;
,,0.03958,-18,;;
,,0.0396,-18,;;
,,0.03962,-16,;;
,,0.03964,-16,;;
,,0.03966,-16,;;
,,0.03968,-16,;;
,,0.0397,-14,;;
,,0.03972,-14,;;
,,0.03974,-14,;;
,,0.03976,-14,;;
,,0.03978,-12,;;
,,0.0398,-14,;;
,,0.03982,-10,;;
,,0.03984,-10,;;
,,0.03986,-10,;;
,,0.03988,-10,;;
,,0.0399,-8,;;
,,0.03992,-10,;;
,,0.03994,-8,;;
,,0.03996,-6,;;
,,0.03998,-6,;;
,,0.04,-6,;;
,,0.04002,-6,;;
,,0.04004,-4,;;
,,0.04006,-4,;;
,,0.04008,-0.5,;;
,,0.0401,0,;;
,,0.04012,-4,;;
,,0.04014,-0.5,;;
,,0.04016,-0.5,;;
,,0.04018,-0.5,;;
,,0.0402,0.5,;;
,,0.04022,0,;;
,,0.04024,0.5,;;
,,0.04026,0.5,;;
,,0.04028,0.5,;;
,,0.0403,0,;;
,,0.04032,0.5,;;
,,0.04034,0.5,;;
,,0.04036,4,;;
,,0.04038,0.5,;;
,,0.0404,4,;;
,,0.04042,4,;;
,,0.04044,0.5,;;
,,0.04046,4,;;
,,0.04048,4,;;
,,0.0405,4,;;
,,0.04052,6,;;
,,0.04054,4,;;
,,0.04056,4,;;
,,0.04058,6,;;
,,0.0406,6,;;
,,0.04062,6,;;
,,0.04064,8,;;
,,0.04066,8,;;
,,0.04068,8,;;
,,0.0407,8,;;
,,0.04072,8,;;
,,0.04074,8,;;
,,0.04076,10,;;
,,0.04078,8,;;
,,0.0408,8,;;
,,0.04082,8,;;
,,0.04084,10,;;
,,0.04086,10,;;
,,0.04088,10,;;
,,0.0409,10,;;
,,0.04092,10,;;
,,0.04094,10,;;
,,0.04096,10,;;
,,0.04098,12,;;
,,0.041,14,;;
,,0.04102,12,;;
,,0.04104,12,;;
,,0.04106,12,;;
,,0.04108,14,;;
,,0.0411,14,;;
,,0.04112,14,;;
,,0.04114,14,;;
,,0.04116,14,;;
,,0.04118,16,;;
,,0.0412,16,;;
,,0.04122,14,;;
,,0.04124,18,;;
,,0.04126,16,;;
,,0.04128,16,;;
,,0.0413,16,;;
,,0.04132,20,;;
,,0.04134,18,;;
,,0.04136,18,;;
,,0.04138,18,;;
,,0.0414,18,;;
,,0.04142,18,;;
,,0.04144,18,;;
,,0.04146,18,;;
,,0.04148,18,;;
,,0.0415,20,;;
,,0.04152,20,;;
,,0.04154,20,;;
,,0.04156,20,;;
,,0.04158,20,;;
,,0.0416,20,;;
,,0.04162,20,;;
,,0.04164,20,;;
,,0.04166,20,;;
,,0.04168,22,;;
,,0.0417,22,;;
,,0.04172,22,;;
,,0.04174,20,;;
,,0.04176,22,;;
,,0.04178,22,;;
,,0.0418,22,;;
,,0.04182,22,;;
,,0.04184,24,;;
,,0.04186,22,;;
,,0.04188,22,;;
,,0.0419,22,;;
,,0.04192,24,;;
,,0.04194,24,;;
,,0.04196,24,;;
,,0.04198,24,;;
,,0.042,24,;;
,,0.04202,24,;;
,,0.04204,26,;;
,,0.04206,26,;;
,,0.04208,24,;;
,,0.0421,24,;;
,,0.04212,26,;;
,,0.04214,26,;;
,,0.04216,26,;;
,,0.04218,26,;;
,,0.0422,26,;;
,,0.04222,24,;;
,,0.04224,28,;;
,,0.04226,28,;;
,,0.04228,28,;;
,,0.0423,28,;;
,,0.04232,26,;;
,,0.04234,30,;;
,,0.04236,28,;;
,,0.04238,28,;;
,,0.0424,28,;;
,,0.04242,30,;;
,,0.04244,28,;;
,,0.04246,28,;;
,,0.04248,30,;;
,,0.0425,30,;;
,,0.04252,30,;;
,,0.04254,30,;;
,,0.04256,18,;;
,,0.04258,0,;;
,,0.0426,-0.5,;;
,,0.04262,0,;;
,,0.04264,0,;;
,,0.04266,-0.5,;;
,,0.04268,0,;;
,,0.0427,-0.5,;;
,,0.04272,0,;;
,,0.04274,0,;;
,,0.04276,0,;;
,,0.04278,-0.5,;;
,,0.0428,0,;;
,,0.04282,-0.5,;;
,,0.04284,0,;;
,,0.04286,-0.5,;;
,,0.04288,0,;;
,,0.0429,0,;;
,,0.04292,0,;;
,,0.04294,0,;;
,,0.04296,0,;;
,,0.04298,-0.5,;;
,,0.043,0,;;
,,0.04302,0,;;
,,0.04304,-0.5,;;
,,0.04306,-0.5,;;
,,0.04308,0,;;
,,0.0431,0,;;
,,0.04312,-0.5,;;
,,0.04314,0,;;
,,0.04316,0,;;
,,0.04318,0,;;
,,0.0432,0,;;
,,0.04322,0,;;
,,0.04324,-0.5,;;
,,0.04326,-0.5,;;
,,0.04328,0,;;
,,0.0433,-0.5,;;
,,0.04332,0,;;
,,0.04334,-0.5,;;
,,0.04336,0,;;
,,0.04338,-0.5,;;
,,0.0434,0,;;
,,0.04342,0,;;
,,0.04344,0,;;
,,0.04346,-0.5,;;
,,0.04348,-0.5,;;
,,0.0435,0,;;
,,0.04352,-0.5,;;
,,0.04354,0,;;
,,0.04356,-0.5,;;
,,0.04358,0,;;
,,0.0436,0,;;
,,0.04362,0,;;
,,0.04364,0,;;
,,0.04366,0,;;
,,0.04368,-0.5,;;
,,0.0437,0,;;
,,0.04372,0,;;
,,0.04374,0,;;
,,0.04376,0,;;
,,0.04378,-0.5,;;
,,0.0438,0,;;
,,0.04382,0,;;
,,0.04384,0,;;
,,0.04386,0,;;
,,0.04388,-0.5,;;
,,0.0439,0,;;
,,0.04392,0,;;
,,0.04394,0,;;
,,0.04396,0,;;
,,0.04398,0,;;
,,0.044,0,;;
,,0.04402,0,;;
,,0.04404,0,;;
,,0.04406,0,;;
,,0.04408,0,;;
,,0.0441,-0.5,;;
,,0.04412,0.5,;;
,,0.04414,0,;;
,,0.04416,0.5,;;
,,0.04418,0,;;
,,0.0442,-0.5,;;
,,0.04422,0.5,;;
,,0.04424,-0.5,;;
,,0.04426,0,;;
,,0.04428,0,;;
,,0.0443,0,;;
,,0.04432,-0.5,;;
,,0.04434,0.5,;;
,,0.04436,-0.5,;;
,,0.04438,0,;;
,,0.0444,-0.5,;;
,,0.04442,0,;;
,,0.04444,0,;;
,,0.04446,-0.5,;;
,,0.04448,0,;;
,,0.0445,0,;;
,,0.04452,0,;;
,,0.04454,-0.5,;;
,,0.04456,0,;;
,,0.04458,0,;;
,,0.0446,0,;;
,,0.04462,-0.5,;;
,,0.04464,0,;;
,,0.04466,0,;;
,,0.04468,0,;;
,,0.0447,0,;;
,,0.04472,0,;;
,,0.04474,-0.5,;;
,,0.04476,0,;;
,,0.04478,-0.5,;;
,,0.0448,0,;;
,,0.04482,0,;;
,,0.04484,0,;;
,,0.04486,0,;;
,,0.04488,-0.5,;;
,,0.0449,0.5,;;
,,0.04492,0.5,;;
,,0.04494,0,;;
,,0.04496,-0.5,;;
,,0.04498,0,;;
,,0.045,0,;;
,,0.04502,0,;;
,,0.04504,0,;;
,,0.04506,0,;;
,,0.04508,-0.5,;;
,,0.0451,0,;;
,,0.04512,0,;;
,,0.04514,-0.5,;;
,,0.04516,0,;;
,,0.04518,-0.5,;;
,,0.0452,-0.5,;;
,,0.04522,0,;;
,,0.04524,0,;;
,,0.04526,0,;;
,,0.04528,0,;;
,,0.0453,0,;;
,,0.04532,0,;;
,,0.04534,0,;;
,,0.04536,0,;;
,,0.04538,0,;;
,,0.0454,0,;;
,,0.04542,-0.5,;;
,,0.04544,0,;;
,,0.04546,0,;;
,,0.04548,0,;;
,,0.0455,0,;;
,,0.04552,0,;;
,,0.04554,0,;;
,,0.04556,0,;;
,,0.04558,0,;;
,,0.0456,0,;;
,,0.04562,0,;;
,,0.04564,0,;;
,,0.04566,0,;;
,,0.04568,0,;;
,,0.0457,-0.5,;;
,,0.04572,0,;;
,,0.04574,0,;;
,,0.04576,0,;;
,,0.04578,0,;;
,,0.0458,-0.5,;;
,,0.04582,0,;;
,,0.04584,0,;;
,,0.04586,0.5,;;
,,0.04588,-0.5,;;
,,0.0459,0,;;
,,0.04592,0,;;
,,0.04594,-0.5,;;
,,0.04596,-0.5,;;
,,0.04598,-0.5,;;
,,0.046,-0.5,;;
,,0.04602,0,;;
,,0.04604,0,;;
,,0.04606,0,;;
,,0.04608,0,;;
,,0.0461,0,;;
,,0.04612,0,;;
,,0.04614,0,;;
,,0.04616,0,;;
,,0.04618,0,;;
,,0.0462,0,;;
,,0.04622,0,;;
,,0.04624,0,;;
,,0.04626,0,;;
,,0.04628,0,;;
,,0.0463,0,;;
,,0.04632,-0.5,;;
,,0.04634,-0.5,;;
,,0.04636,-0.5,;;
,,0.04638,0,;;
,,0.0464,0,;;
,,0.04642,0,;;
,,0.04644,0,;;
,,0.04646,-0.5,;;
,,0.04648,0,;;
,,0.0465,0,;;
,,0.04652,-0.5,;;
,,0.04654,0,;;
,,0.04656,0,;;
,,0.04658,0,;;
,,0.0466,0,;;
,,0.04662,0.5,;;
,,0.04664,0,;;
,,0.04666,0,;;
,,0.04668,0,;;
,,0.0467,0,;;
,,0.04672,0,;;
,,0.04674,0,;;
,,0.04676,-0.5,;;
,,0.04678,0,;;
,,0.0468,-0.5,;;
,,0.04682,0,;;
,,0.04684,0,;;
,,0.04686,0,;;
,,0.04688,0.5,;;
,,0.0469,0,;;
,,0.04692,-0.5,;;
,,0.04694,0,;;
,,0.04696,0,;;
,,0.04698,-0.5,;;
,,0.047,0,;;
,,0.04702,0,;;
,,0.04704,0,;;
,,0.04706,0.5,;;
,,0.04708,0,;;
,,0.0471,-0.5,;;
,,0.04712,0.5,;;
,,0.04714,0,;;
,,0.04716,0,;;
,,0.04718,0,;;
,,0.0472,-0.5,;;
,,0.04722,0,;;
,,0.04724,0,;;
,,0.04726,0,;;
,,0.04728,-0.5,;;
,,0.0473,-0.5,;;
,,0.04732,-0.5,;;
,,0.04734,0.5,;;
,,0.04736,-0.5,;;
,,0.04738,-0.5,;;
,,0.0474,0,;;
,,0.04742,0,;;
,,0.04744,0,;;
,,0.04746,-0.5,;;
,,0.04748,0,;;
,,0.0475,-0.5,;;
,,0.04752,0,;;
,,0.04754,-0.5,;;
,,0.04756,0,;;
,,0.04758,0,;;
,,0.0476,0,;;
,,0.04762,-0.5,;;
,,0.04764,-0.5,;;
,,0.04766,-0.5,;;
,,0.04768,0,;;
,,0.0477,0,;;
,,0.04772,-0.5,;;
,,0.04774,-0.5,;;
,,0.04776,0,;;
,,0.04778,-0.5,;;
,,0.0478,0,;;
,,0.04782,0,;;
,,0.04784,0,;;
,,0.04786,-0.5,;;
,,0.04788,-0.5,;;
,,0.0479,0,;;
,,0.04792,0,;;
,,0.04794,0,;;
,,0.04796,0,;;
,,0.04798,-0.5,;;
,,0.048,-0.5,;;
,,0.04802,-0.5,;;
,,0.04804,-0.5,;;
,,0.04806,0,;;
,,0.04808,-0.5,;;
,,0.0481,-0.5,;;
,,0.04812,-0.5,;;
,,0.04814,0,;;
,,0.04816,0,;;
,,0.04818,-0.5,;;
,,0.0482,0,;;
,,0.04822,0,;;
,,0.04824,0,;;
,,0.04826,0.5,;;
,,0.04828,-0.5,;;
,,0.0483,0,;;
,,0.04832,-0.5,;;
,,0.04834,-0.5,;;
,,0.04836,0,;;
,,0.04838,0,;;
,,0.0484,0,;;
,,0.04842,-0.5,;;
,,0.04844,0,;;
,,0.04846,0,;;
,,0.04848,0,;;
,,0.0485,0,;;
,,0.04852,0,;;
,,0.04854,0,;;
,,0.04856,0,;;
,,0.04858,-0.5,;;
,,0.0486,-0.5,;;
,,0.04862,-0.5,;;
,,0.04864,0,;;
,,0.04866,-0.5,;;
,,0.04868,-0.5,;;
,,0.0487,-0.5,;;
,,0.04872,-0.5,;;
,,0.04874,-0.5,;;
,,0.04876,0,;;
,,0.04878,0,;;
,,0.0488,0,;;
,,0.04882,0,;;
,,0.04884,0.5,;;
,,0.04886,-0.5,;;
,,0.04888,0,;;
,,0.0489,0,;;
,,0.04892,0,;;
,,0.04894,0,;;
,,0.04896,0,;;
,,0.04898,0,;;
,,0.049,0,;;
,,0.04902,0,;;
,,0.04904,0,;;
,,0.04906,0,;;
,,0.04908,0,;;
,,0.0491,0,;;
,,0.04912,0,;;
,,0.04914,0,;;
,,0.04916,-0.5,;;
,,0.04918,-0.5,;;
,,0.0492,0,;;
,,0.04922,0,;;
,,0.04924,0,;;
,,0.04926,0,;;
,,0.04928,0,;;
,,0.0493,0,;;
,,0.04932,0,;;
,,0.04934,0,;;
,,0.04936,0,;;
,,0.04938,0.5,;;
,,0.0494,0,;;
,,0.04942,0,;;
,,0.04944,0,;;
,,0.04946,0,;;
,,0.04948,0,;;
,,0.0495,-0.5,;;
,,0.04952,-0.5,;;
,,0.04954,0,;;
,,0.04956,0,;;
,,0.04958,0,;;
,,0.0496,0,;;
,,0.04962,0,;;
,,0.04964,0,;;
,,0.04966,0,;;
,,0.04968,0,;;
,,0.0497,0,;;
,,0.04972,-0.5,;;
,,0.04974,0,;;
,,0.04976,-0.5,;;
,,0.04978,0,;;
,,0.0498,0,;;
,,0.04982,0,;;
,,0.04984,0,;;
,,0.04986,0,;;
,,0.04988,0.5,;;
,,0.0499,0,;;
,,0.04992,0,;;
,,0.04994,0,;;
,,0.04996,-0.5,;;
,,0.04998,0,;;
